timestamp,src_ip,dst_ip,protocol,length,flags,sport,dport
1745214415.498414,13.248.151.210,10.30.247.143,6,106,PA,443,49638
1745214415.49931,10.30.247.143,13.248.151.210,6,66,A,49638,443
1745214415.499999,10.30.247.143,13.248.151.210,6,108,PA,49638,443
1745214415.50057,10.30.247.143,13.248.151.210,6,108,PA,49638,443
1745214415.572511,13.248.151.210,10.30.247.143,6,66,A,443,49638
1745214416.004736,142.250.182.234,10.30.247.143,17,78,0,443,57000
1745214416.005501,142.250.182.234,10.30.247.143,17,78,0,443,57000
1745214416.0070899,10.30.247.143,142.250.182.234,17,75,0,57000,443
1745214416.017191,10.30.247.143,142.250.182.234,17,71,0,57000,443
1745214416.028668,142.250.182.234,10.30.247.143,17,67,0,443,57000
1745214416.232637,10.30.247.143,142.250.182.234,17,71,0,57000,443
1745214416.246316,142.250.182.234,10.30.247.143,17,67,0,443,57000
1745214416.450633,10.30.247.143,142.250.182.234,17,71,0,57000,443
1745214416.463292,142.250.182.234,10.30.247.143,17,67,0,443,57000
1745214416.669448,10.30.247.143,142.250.182.234,17,71,0,57000,443
1745214416.682801,142.250.182.234,10.30.247.143,17,67,0,443,57000
1745214416.884402,10.30.247.143,142.250.182.234,17,71,0,57000,443
1745214416.897074,142.250.182.234,10.30.247.143,17,67,0,443,57000
1745214417.023552,10.30.247.143,142.250.183.106,17,71,0,57909,443
1745214417.034976,142.250.183.106,10.30.247.143,17,67,0,443,57909
1745214417.0989141,10.30.247.143,142.250.182.234,17,71,0,57000,443
1745214417.111304,142.250.182.234,10.30.247.143,17,67,0,443,57000
1745214417.516813,10.30.247.143,142.250.182.234,17,71,0,57000,443
1745214417.539566,142.250.182.234,10.30.247.143,17,67,0,443,57000
1745214417.9788458,10.30.247.143,52.123.164.67,6,116,PA,50309,443
1745214418.00014,52.123.164.67,10.30.247.143,6,105,PA,443,50309
1745214418.00089,10.30.247.143,52.123.164.67,6,66,A,50309,443
1745214418.214689,10.30.247.143,104.18.10.200,6,54,A,51006,443
1745214418.343862,10.30.247.143,142.250.182.234,17,71,0,57000,443
1745214418.3559308,142.250.182.234,10.30.247.143,17,67,0,443,57000
1745214419.486451,142.250.182.234,10.30.247.143,17,78,0,443,57000
1745214419.487351,142.250.182.234,10.30.247.143,17,78,0,443,57000
1745214419.488228,10.30.247.143,142.250.182.234,17,76,0,57000,443
1745214419.499341,151.101.193.91,10.30.247.143,6,97,PA,443,50986
1745214419.500323,10.30.247.143,151.101.193.91,6,66,A,50986,443
1745214419.688822,10.30.247.143,142.250.182.234,17,71,0,57000,443
1745214419.701099,142.250.182.234,10.30.247.143,17,67,0,443,57000
1745214419.905365,10.30.247.143,142.250.182.234,17,71,0,57000,443
1745214419.917983,142.250.182.234,10.30.247.143,17,67,0,443,57000
1745214420.1201248,10.30.247.143,142.250.182.234,17,71,0,57000,443
1745214420.133087,142.250.182.234,10.30.247.143,17,67,0,443,57000
1745214420.338832,10.30.247.143,142.250.182.234,17,71,0,57000,443
1745214420.352096,142.250.182.234,10.30.247.143,17,67,0,443,57000
1745214420.5572171,10.30.247.143,142.250.182.234,17,71,0,57000,443
1745214420.569003,142.250.182.234,10.30.247.143,17,67,0,443,57000
1745214420.774064,10.30.247.143,142.250.182.234,17,71,0,57000,443
1745214420.786782,142.250.182.234,10.30.247.143,17,67,0,443,57000
1745214421.1871428,10.30.247.143,142.250.182.234,17,71,0,57000,443
1745214421.20627,142.250.182.234,10.30.247.143,17,67,0,443,57000
1745214421.7397609,34.120.52.64,10.30.247.143,6,93,PA,443,49403
1745214421.7405498,10.30.247.143,34.120.52.64,6,66,A,49403,443
1745214421.743668,10.30.247.143,34.120.52.64,6,97,PA,49403,443
1745214421.753948,34.120.52.64,10.30.247.143,6,66,A,443,49403
1745214422.0115101,10.30.247.143,142.250.182.234,17,71,0,57000,443
1745214422.031776,142.250.182.234,10.30.247.143,17,67,0,443,57000
1745214423.0499089,10.30.247.143,151.101.193.91,6,66,FA,50986,443
1745214423.0874119,151.101.193.91,10.30.247.143,6,66,A,443,50986
1745214423.088286,151.101.193.91,10.30.247.143,6,90,PA,443,50986
1745214423.088947,151.101.193.91,10.30.247.143,6,66,FA,443,50986
1745214423.089652,10.30.247.143,151.101.193.91,6,54,R,50986,443
1745214423.090267,10.30.247.143,151.101.193.91,6,54,R,50986,443
1745214423.5816169,142.250.183.106,10.30.247.143,17,120,0,443,57909
1745214423.584846,10.30.247.143,142.250.183.106,17,75,0,57909,443
1745214423.585802,140.82.113.26,10.30.247.143,6,92,PA,443,50954
1745214423.5864499,10.30.247.143,140.82.113.26,6,66,A,50954,443
1745214423.587044,10.30.247.143,140.82.113.26,6,96,PA,50954,443
1745214423.5931551,142.250.183.106,10.30.247.143,17,120,0,443,57909
1745214423.5943959,10.30.247.143,142.250.183.106,17,76,0,57909,443
1745214423.632336,10.30.247.143,142.250.182.234,17,71,0,57000,443
1745214423.644783,142.250.182.234,10.30.247.143,17,67,0,443,57000
1745214423.786486,10.30.247.143,142.250.183.106,17,71,0,57909,443
1745214423.7984939,142.250.183.106,10.30.247.143,17,67,0,443,57909
1745214423.825897,140.82.113.26,10.30.247.143,6,66,A,443,50954
1745214424.0012622,10.30.247.143,142.250.183.106,17,71,0,57909,443
1745214424.013163,142.250.183.106,10.30.247.143,17,67,0,443,57909
1745214424.216545,10.30.247.143,142.250.183.106,17,71,0,57909,443
1745214424.2281768,142.250.183.106,10.30.247.143,17,67,0,443,57909
1745214424.431251,10.30.247.143,142.250.183.106,17,71,0,57909,443
1745214424.4443321,142.250.183.106,10.30.247.143,17,67,0,443,57909
1745214424.645928,10.30.247.143,142.250.183.106,17,71,0,57909,443
1745214424.6568289,142.250.183.106,10.30.247.143,17,67,0,443,57909
1745214424.86011,10.30.247.143,142.250.183.106,17,71,0,57909,443
1745214424.8719869,142.250.183.106,10.30.247.143,17,67,0,443,57909
1745214425.278474,10.30.247.143,142.250.183.106,17,71,0,57909,443
1745214425.297761,142.250.183.106,10.30.247.143,17,67,0,443,57909
1745214425.952944,10.30.247.143,35.174.127.31,6,305,PA,49396,443
1745214426.098148,10.30.247.143,142.250.183.106,17,71,0,57909,443
1745214426.109059,142.250.183.106,10.30.247.143,17,67,0,443,57909
1745214426.161624,35.174.127.31,10.30.247.143,6,326,PA,443,49396
1745214426.162421,10.30.247.143,35.174.127.31,6,66,A,49396,443
1745214426.850583,10.30.247.143,142.250.182.234,17,71,0,57000,443
1745214426.865299,142.250.182.234,10.30.247.143,17,67,0,443,57000
1745214427.709764,10.30.247.143,142.250.183.106,17,71,0,57909,443
1745214427.729387,142.250.183.106,10.30.247.143,17,67,0,443,57909
1745214428.190597,104.18.10.200,10.30.247.143,6,90,PA,443,51006
1745214428.1909928,104.18.10.200,10.30.247.143,6,66,FA,443,51006
1745214428.191357,104.18.10.200,10.30.247.143,6,66,FA,443,51006
1745214428.191767,10.30.247.143,104.18.10.200,6,66,A,51006,443
1745214428.19217,10.30.247.143,104.18.10.200,6,66,A,51006,443
1745214428.192529,10.30.247.143,104.18.10.200,6,66,A,51006,443
1745214428.192875,10.30.247.143,104.18.10.200,6,66,FA,51006,443
1745214428.3943691,104.18.10.200,10.30.247.143,6,90,FPA,443,51006
1745214428.395116,10.30.247.143,104.18.10.200,6,78,FA,51006,443
1745214428.422375,10.30.247.143,104.18.10.200,6,66,FA,51006,443
1745214428.682854,10.30.247.143,104.18.10.200,6,66,FA,51006,443
1745214428.820812,104.18.10.200,10.30.247.143,6,90,FPA,443,51006
1745214428.821537,10.30.247.143,104.18.10.200,6,78,FA,51006,443
1745214428.866068,10.30.247.143,142.251.10.188,6,54,A,49292,5228
1745214428.935243,142.251.10.188,10.30.247.143,6,66,A,5228,49292
1745214428.9611468,10.30.247.143,104.18.10.200,6,78,S,51018,443
1745214428.995453,104.18.10.200,10.30.247.143,6,74,SA,443,51018
1745214428.995989,10.30.247.143,104.18.10.200,6,66,A,51018,443
1745214428.9967098,10.30.247.143,104.18.10.200,6,1436,A,51018,443
1745214428.997292,10.30.247.143,104.18.10.200,6,646,PA,51018,443
1745214429.003789,10.30.247.143,104.18.10.200,6,66,FA,51006,443
1745214429.028785,104.18.10.200,10.30.247.143,6,66,A,443,51018
1745214429.0295281,104.18.10.200,10.30.247.143,6,66,A,443,51018
1745214429.03458,104.18.10.200,10.30.247.143,6,1436,A,443,51018
1745214429.035402,104.18.10.200,10.30.247.143,6,1436,A,443,51018
1745214429.036014,10.30.247.143,104.18.10.200,6,66,A,51018,443
1745214429.03646,104.18.10.200,10.30.247.143,6,1024,PA,443,51018
1745214429.0372212,10.30.247.143,104.18.10.200,6,66,A,51018,443
1745214429.037726,10.30.247.143,104.18.10.200,6,130,PA,51018,443
1745214429.038293,10.30.247.143,104.18.10.200,6,1436,A,51018,443
1745214429.038663,10.30.247.143,104.18.10.200,6,1436,A,51018,443
1745214429.039031,10.30.247.143,104.18.10.200,6,1436,A,51018,443
1745214429.0393898,10.30.247.143,104.18.10.200,6,1079,PA,51018,443
1745214429.070241,104.18.10.200,10.30.247.143,6,66,A,443,51018
1745214429.070724,104.18.10.200,10.30.247.143,6,66,A,443,51018
1745214429.109716,10.30.247.143,104.18.10.200,6,1079,PA,51018,443
1745214429.112386,104.18.10.200,10.30.247.143,6,66,A,443,51018
1745214429.1427798,104.18.10.200,10.30.247.143,6,78,A,443,51018
1745214429.445631,10.30.247.143,104.18.10.200,6,66,FA,51006,443
1745214429.511502,10.30.247.143,8.8.8.8,17,251,0,59709,443
1745214429.511907,10.30.247.143,8.8.8.8,17,251,0,59709,443
1745214429.5221398,8.8.8.8,10.30.247.143,17,67,0,443,59709
1745214429.522601,8.8.8.8,10.30.247.143,17,70,0,443,59709
1745214429.524189,8.8.8.8,10.30.247.143,17,603,0,443,59709
1745214429.524638,8.8.8.8,10.30.247.143,17,64,0,443,59709
1745214429.525106,8.8.8.8,10.30.247.143,17,571,0,443,59709
1745214429.525572,8.8.8.8,10.30.247.143,17,64,0,443,59709
1745214429.5261161,10.30.247.143,8.8.8.8,17,77,0,59709,443
1745214429.526577,10.30.247.143,8.8.8.8,17,77,0,59709,443
1745214429.527005,10.30.247.143,151.101.65.91,6,78,S,51019,443
1745214429.53641,8.8.8.8,10.30.247.143,17,65,0,443,59709
1745214429.555712,10.30.247.143,8.8.8.8,17,74,0,59709,443
1745214429.561686,8.8.8.8,10.30.247.143,17,64,0,443,59709
1745214429.562551,151.101.65.91,10.30.247.143,6,74,SA,443,51019
1745214429.563367,10.30.247.143,151.101.65.91,6,66,A,51019,443
1745214429.5642052,10.30.247.143,151.101.65.91,6,1436,A,51019,443
1745214429.564865,10.30.247.143,151.101.65.91,6,646,PA,51019,443
1745214429.565501,10.30.247.143,8.8.8.8,17,75,0,59709,443
1745214429.597559,151.101.65.91,10.30.247.143,6,66,A,443,51019
1745214429.598227,151.101.65.91,10.30.247.143,6,66,A,443,51019
1745214429.598947,151.101.65.91,10.30.247.143,6,1436,A,443,51019
1745214429.5995,151.101.65.91,10.30.247.143,6,245,PA,443,51019
1745214429.602637,10.30.247.143,151.101.65.91,6,66,A,51019,443
1745214429.6030378,10.30.247.143,151.101.65.91,6,130,PA,51019,443
1745214429.603395,10.30.247.143,151.101.65.91,6,158,PA,51019,443
1745214429.604019,10.30.247.143,151.101.65.91,6,514,PA,51019,443
1745214429.63617,151.101.65.91,10.30.247.143,6,66,A,443,51019
1745214429.636849,151.101.65.91,10.30.247.143,6,66,A,443,51019
1745214429.637438,151.101.65.91,10.30.247.143,6,131,PA,443,51019
1745214429.637814,151.101.65.91,10.30.247.143,6,66,A,443,51019
1745214429.638273,151.101.65.91,10.30.247.143,6,307,PA,443,51019
1745214429.638738,151.101.65.91,10.30.247.143,6,119,PA,443,51019
1745214429.639157,10.30.247.143,151.101.65.91,6,66,A,51019,443
1745214429.639468,10.30.247.143,151.101.65.91,6,66,A,51019,443
1745214429.6398458,10.30.247.143,151.101.65.91,6,97,PA,51019,443
1745214429.6718678,151.101.65.91,10.30.247.143,6,66,A,443,51019
1745214429.68447,104.18.10.200,10.30.247.143,6,90,FPA,443,51006
1745214429.685163,10.30.247.143,104.18.10.200,6,78,FA,51006,443
1745214430.126229,10.30.247.143,104.18.10.200,6,66,FA,51006,443
1745214430.132832,104.18.10.200,10.30.247.143,6,1105,PA,443,51018
1745214430.133603,10.30.247.143,104.18.10.200,6,66,A,51018,443
1745214430.137534,10.30.247.143,104.18.10.200,6,149,PA,51018,443
1745214430.138266,10.30.247.143,104.18.10.200,6,386,PA,51018,443
1745214430.138838,10.30.247.143,104.18.10.200,6,1436,A,51018,443
1745214430.13941,10.30.247.143,104.18.10.200,6,1436,A,51018,443
1745214430.1399229,10.30.247.143,104.18.10.200,6,826,PA,51018,443
1745214430.1693099,104.18.10.200,10.30.247.143,6,66,A,443,51018
1745214430.17011,104.18.10.200,10.30.247.143,6,66,A,443,51018
1745214430.170733,104.18.10.200,10.30.247.143,6,66,A,443,51018
1745214430.171347,104.18.10.200,10.30.247.143,6,66,A,443,51018
1745214430.171952,104.18.10.200,10.30.247.143,6,66,A,443,51018
1745214430.44579,104.18.10.200,10.30.247.143,6,115,PA,443,51018
1745214430.446193,10.30.247.143,104.18.10.200,6,66,A,51018,443
1745214430.652857,151.101.65.91,10.30.247.143,6,105,PA,443,51019
1745214430.654227,10.30.247.143,151.101.65.91,6,66,A,51019,443
1745214430.9310322,10.30.247.143,142.250.183.106,17,71,0,57909,443
1745214430.952037,142.250.183.106,10.30.247.143,17,67,0,443,57909
1745214430.989232,142.250.182.234,10.30.247.143,17,185,0,443,57000
1745214430.990138,142.250.182.234,10.30.247.143,17,185,0,443,57000
1745214430.991851,10.30.247.143,142.250.182.234,17,75,0,57000,443
1745214431.192443,10.30.247.143,142.250.182.234,17,71,0,57000,443
1745214431.203989,142.250.182.234,10.30.247.143,17,67,0,443,57000
1745214431.286679,10.30.247.143,104.18.10.200,6,66,FA,51006,443
1745214431.409761,10.30.247.143,142.250.182.234,17,71,0,57000,443
1745214431.41169,104.18.10.200,10.30.247.143,6,90,FPA,443,51006
1745214431.412423,10.30.247.143,104.18.10.200,6,78,FA,51006,443
1745214431.420841,142.250.182.234,10.30.247.143,17,67,0,443,57000
1745214431.609867,10.30.247.143,52.123.164.67,6,116,PA,50321,443
1745214431.624956,52.123.164.67,10.30.247.143,6,105,PA,443,50321
1745214431.625676,10.30.247.143,52.123.164.67,6,66,A,50321,443
1745214431.626613,10.30.247.143,142.250.182.234,17,71,0,57000,443
1745214431.63847,142.250.182.234,10.30.247.143,17,67,0,443,57000
1745214431.843138,10.30.247.143,142.250.182.234,17,71,0,57000,443
1745214431.8553548,142.250.182.234,10.30.247.143,17,67,0,443,57000
1745214432.059786,10.30.247.143,142.250.182.234,17,71,0,57000,443
1745214432.0723,142.250.182.234,10.30.247.143,17,67,0,443,57000
1745214432.27666,10.30.247.143,142.250.182.234,17,71,0,57000,443
1745214432.2883708,142.250.182.234,10.30.247.143,17,67,0,443,57000
1745214432.693193,10.30.247.143,142.250.182.234,17,71,0,57000,443
1745214432.716147,142.250.182.234,10.30.247.143,17,67,0,443,57000
1745214433.408532,10.30.247.143,104.18.10.200,6,66,FA,51006,443
1745214433.517199,10.30.247.143,142.250.182.234,17,71,0,57000,443
1745214433.5293891,142.250.182.234,10.30.247.143,17,67,0,443,57000
1745214434.4359481,142.250.182.234,10.30.247.143,17,184,0,443,57000
1745214434.4384902,10.30.247.143,142.250.182.234,17,75,0,57000,443
1745214434.637357,10.30.247.143,142.250.182.234,17,71,0,57000,443
1745214434.650294,142.250.182.234,10.30.247.143,17,67,0,443,57000
1745214434.856496,10.30.247.143,142.250.182.234,17,71,0,57000,443
1745214434.867058,142.250.182.234,10.30.247.143,17,67,0,443,57000
1745214435.072545,10.30.247.143,142.250.182.234,17,71,0,57000,443
1745214435.085409,142.250.182.234,10.30.247.143,17,67,0,443,57000
1745214435.2882402,10.30.247.143,142.250.182.234,17,71,0,57000,443
1745214435.307347,142.250.182.234,10.30.247.143,17,67,0,443,57000
1745214435.5096939,10.30.247.143,142.250.182.234,17,71,0,57000,443
1745214435.523325,142.250.182.234,10.30.247.143,17,67,0,443,57000
1745214435.529483,10.30.247.143,104.18.10.200,6,66,FA,51006,443
1745214435.726277,10.30.247.143,142.250.182.234,17,71,0,57000,443
1745214435.738861,142.250.182.234,10.30.247.143,17,67,0,443,57000
1745214436.142706,10.30.247.143,142.250.182.234,17,71,0,57000,443
1745214436.161473,142.250.182.234,10.30.247.143,17,67,0,443,57000
1745214436.6900082,151.101.65.91,10.30.247.143,6,105,PA,443,50997
1745214436.690752,10.30.247.143,151.101.65.91,6,66,A,50997,443
1745214436.6916091,10.30.247.143,151.101.65.91,6,101,PA,50997,443
1745214436.6923032,10.30.247.143,151.101.65.91,6,101,PA,50997,443
1745214436.719048,151.101.65.91,10.30.247.143,6,66,A,443,50997
1745214436.719712,151.101.65.91,10.30.247.143,6,66,A,443,50997
1745214436.9626439,10.30.247.143,142.250.182.234,17,71,0,57000,443
1745214436.982819,142.250.182.234,10.30.247.143,17,67,0,443,57000
1745214436.98341,10.30.247.143,40.104.77.34,6,78,S,51020,443
1745214436.999041,40.104.77.34,10.30.247.143,6,74,SA,443,51020
1745214437.000072,10.30.247.143,40.104.77.34,6,66,A,51020,443
1745214437.0029702,10.30.247.143,40.104.77.34,6,1436,A,51020,443
1745214437.003639,10.30.247.143,40.104.77.34,6,971,PA,51020,443
1745214437.012427,40.104.77.34,10.30.247.143,6,66,A,443,51020
1745214437.013265,40.104.77.34,10.30.247.143,6,165,PA,443,51020
1745214437.013875,10.30.247.143,40.104.77.34,6,66,A,51020,443
1745214437.014575,10.30.247.143,40.104.77.34,6,1187,PA,51020,443
1745214437.027406,40.104.77.34,10.30.247.143,6,357,PA,443,51020
1745214437.027885,10.30.247.143,40.104.77.34,6,66,A,51020,443
1745214437.029127,10.30.247.143,40.104.77.34,6,140,PA,51020,443
1745214437.029623,10.30.247.143,40.104.77.34,6,158,PA,51020,443
1745214437.030601,10.30.247.143,40.104.77.34,6,1436,A,51020,443
1745214437.0310469,10.30.247.143,40.104.77.34,6,222,PA,51020,443
1745214437.0418482,40.104.77.34,10.30.247.143,6,525,PA,443,51020
1745214437.042696,40.104.77.34,10.30.247.143,6,128,PA,443,51020
1745214437.043545,40.104.77.34,10.30.247.143,6,97,PA,443,51020
1745214437.0444841,10.30.247.143,40.104.77.34,6,66,A,51020,443
1745214437.044998,10.30.247.143,40.104.77.34,6,66,A,51020,443
1745214437.04562,10.30.247.143,40.104.77.34,6,97,PA,51020,443
1745214437.1056561,40.104.77.34,10.30.247.143,6,66,A,443,51020
1745214437.277668,40.104.77.34,10.30.247.143,6,1430,PA,443,51020
1745214437.2786639,10.30.247.143,40.104.77.34,6,66,A,51020,443
1745214437.357236,10.30.247.143,142.250.183.106,17,71,0,57909,443
1745214437.369796,142.250.183.106,10.30.247.143,17,67,0,443,57909
1745214437.6499588,10.30.247.143,104.18.10.200,6,66,FA,51006,443
1745214438.053569,10.30.247.143,40.104.77.34,6,66,FA,51020,443
1745214438.07097,40.104.77.34,10.30.247.143,6,66,FA,443,51020
1745214438.071473,10.30.247.143,40.104.77.34,6,66,A,51020,443
1745214438.584268,10.30.247.143,142.250.182.234,17,71,0,57000,443
1745214438.601402,142.250.182.234,10.30.247.143,17,67,0,443,57000
1745214439.770902,10.30.247.143,104.18.10.200,6,66,FA,51006,443
1745214441.807186,10.30.247.143,142.250.182.234,17,71,0,57000,443
1745214441.8305779,142.250.182.234,10.30.247.143,17,67,0,443,57000
1745214441.891853,10.30.247.143,104.18.10.200,6,66,FA,51006,443
1745214441.950031,10.30.247.143,35.174.127.31,6,305,PA,49396,443
1745214442.150659,35.174.127.31,10.30.247.143,6,327,PA,443,49396
1745214442.1513941,10.30.247.143,35.174.127.31,6,66,A,49396,443
1745214443.858065,142.250.183.106,10.30.247.143,17,120,0,443,57909
1745214443.861449,10.30.247.143,142.250.183.106,17,75,0,57909,443
1745214443.956583,10.30.247.143,40.104.77.34,6,78,S,51021,443
1745214443.9696798,40.104.77.34,10.30.247.143,6,74,SA,443,51021
1745214443.9700422,10.30.247.143,40.104.77.34,6,66,A,51021,443
1745214443.9704452,10.30.247.143,40.104.77.34,6,1436,A,51021,443
1745214443.9708102,10.30.247.143,40.104.77.34,6,907,PA,51021,443
1745214443.984031,40.104.77.34,10.30.247.143,6,66,A,443,51021
1745214443.984673,40.104.77.34,10.30.247.143,6,165,PA,443,51021
1745214443.985193,10.30.247.143,40.104.77.34,6,66,A,51021,443
1745214443.9857569,10.30.247.143,40.104.77.34,6,1123,PA,51021,443
1745214443.999747,40.104.77.34,10.30.247.143,6,357,PA,443,51021
1745214444.000504,10.30.247.143,40.104.77.34,6,66,A,51021,443
1745214444.0019898,10.30.247.143,40.104.77.34,6,140,PA,51021,443
1745214444.002641,10.30.247.143,40.104.77.34,6,158,PA,51021,443
1745214444.003254,10.30.247.143,40.104.77.34,6,1436,A,51021,443
1745214444.003813,10.30.247.143,40.104.77.34,6,93,PA,51021,443
1745214444.012348,10.30.247.143,104.18.10.200,6,66,FA,51006,443
1745214444.014657,40.104.77.34,10.30.247.143,6,525,PA,443,51021
1745214444.0155132,40.104.77.34,10.30.247.143,6,128,PA,443,51021
1745214444.016118,40.104.77.34,10.30.247.143,6,97,PA,443,51021
1745214444.016633,10.30.247.143,40.104.77.34,6,66,A,51021,443
1745214444.0170822,10.30.247.143,40.104.77.34,6,66,A,51021,443
1745214444.017642,10.30.247.143,40.104.77.34,6,97,PA,51021,443
1745214444.0617101,10.30.247.143,142.250.183.106,17,71,0,57909,443
1745214444.073524,142.250.183.106,10.30.247.143,17,67,0,443,57909
1745214444.0820951,40.104.77.34,10.30.247.143,6,66,A,443,51021
1745214444.251509,40.104.77.34,10.30.247.143,6,1387,PA,443,51021
1745214444.252407,10.30.247.143,40.104.77.34,6,66,A,51021,443
1745214444.278125,10.30.247.143,142.250.183.106,17,71,0,57909,443
1745214444.290179,142.250.183.106,10.30.247.143,17,67,0,443,57909
1745214444.495038,10.30.247.143,142.250.183.106,17,71,0,57909,443
1745214444.507754,142.250.183.106,10.30.247.143,17,67,0,443,57909
1745214444.711715,10.30.247.143,142.250.183.106,17,71,0,57909,443
1745214444.725321,142.250.183.106,10.30.247.143,17,67,0,443,57909
1745214444.9261062,10.30.247.143,142.250.183.106,17,71,0,57909,443
1745214444.939484,142.250.183.106,10.30.247.143,17,67,0,443,57909
1745214445.1449862,10.30.247.143,142.250.183.106,17,71,0,57909,443
1745214445.157137,142.250.183.106,10.30.247.143,17,67,0,443,57909
1745214445.5588758,10.30.247.143,142.250.183.106,17,71,0,57909,443
1745214445.579909,142.250.183.106,10.30.247.143,17,67,0,443,57909
1745214446.102853,10.30.247.143,52.123.171.36,6,54,A,50943,443
1745214446.1107562,10.30.247.143,52.123.160.113,6,54,A,50640,443
1745214446.13411,10.30.247.143,104.18.10.200,6,54,RA,51006,443
1745214446.2356071,10.30.247.143,3.147.10.153,6,54,A,50994,443
1745214446.242635,52.123.171.36,10.30.247.143,6,66,A,443,50943
1745214446.259069,52.123.160.113,10.30.247.143,6,66,A,443,50640
1745214446.382278,10.30.247.143,142.250.183.106,17,71,0,57909,443
1745214446.3956249,142.250.183.106,10.30.247.143,17,67,0,443,57909
1745214446.447094,3.147.10.153,10.30.247.143,6,66,A,443,50994
1745214447.1335812,34.120.52.64,10.30.247.143,6,93,PA,443,49403
1745214447.134275,10.30.247.143,34.120.52.64,6,66,A,49403,443
1745214447.13659,10.30.247.143,34.120.52.64,6,97,PA,49403,443
1745214447.1462111,34.120.52.64,10.30.247.143,6,66,A,443,49403
1745214447.996511,10.30.247.143,142.250.183.106,17,71,0,57909,443
1745214448.013303,142.250.183.106,10.30.247.143,17,67,0,443,57909
1745214448.052873,10.30.247.143,40.104.77.34,6,66,FA,51021,443
1745214448.0658062,40.104.77.34,10.30.247.143,6,66,FA,443,51021
1745214448.066516,10.30.247.143,40.104.77.34,6,66,A,51021,443
1745214448.2312682,10.30.247.143,142.250.182.234,17,71,0,57000,443
1745214448.2439208,142.250.182.234,10.30.247.143,17,67,0,443,57000
1745214449.060996,10.30.247.143,8.8.8.8,17,252,0,59709,443
1745214449.0614002,10.30.247.143,8.8.8.8,17,252,0,59709,443
1745214449.079079,8.8.8.8,10.30.247.143,17,70,0,443,59709
1745214449.079564,8.8.8.8,10.30.247.143,17,621,0,443,59709
1745214449.0799859,8.8.8.8,10.30.247.143,17,64,0,443,59709
1745214449.080374,8.8.8.8,10.30.247.143,17,571,0,443,59709
1745214449.080749,8.8.8.8,10.30.247.143,17,64,0,443,59709
1745214449.081185,10.30.247.143,8.8.8.8,17,77,0,59709,443
1745214449.0816052,10.30.247.143,8.8.8.8,17,77,0,59709,443
1745214449.081941,10.30.247.143,142.250.192.133,6,78,S,51022,443
1745214449.089387,8.8.8.8,10.30.247.143,17,65,0,443,59709
1745214449.089782,142.250.192.133,10.30.247.143,6,74,SA,443,51022
1745214449.090183,10.30.247.143,142.250.192.133,6,66,A,51022,443
1745214449.091169,10.30.247.143,142.250.192.133,6,1436,A,51022,443
1745214449.091699,10.30.247.143,142.250.192.133,6,965,PA,51022,443
1745214449.10177,142.250.192.133,10.30.247.143,6,66,A,443,51022
1745214449.102404,142.250.192.133,10.30.247.143,6,66,A,443,51022
1745214449.108618,10.30.247.143,8.8.8.8,17,74,0,59709,443
1745214449.1615539,142.250.192.133,10.30.247.143,6,1436,A,443,51022
1745214449.1623611,142.250.192.133,10.30.247.143,6,160,PA,443,51022
1745214449.163059,10.30.247.143,142.250.192.133,6,66,A,51022,443
1745214449.1636841,10.30.247.143,142.250.192.133,6,140,PA,51022,443
1745214449.164334,10.30.247.143,142.250.192.133,6,158,PA,51022,443
1745214449.164897,10.30.247.143,142.250.192.133,6,1436,A,51022,443
1745214449.165408,10.30.247.143,142.250.192.133,6,1436,A,51022,443
1745214449.165847,10.30.247.143,142.250.192.133,6,1436,A,51022,443
1745214449.166288,10.30.247.143,142.250.192.133,6,314,PA,51022,443
1745214449.166712,10.30.247.143,142.250.192.133,6,329,PA,51022,443
1745214449.1706429,142.250.192.133,10.30.247.143,6,66,A,443,51022
1745214449.1711202,142.250.192.133,10.30.247.143,6,1012,PA,443,51022
1745214449.171564,142.250.192.133,10.30.247.143,6,97,PA,443,51022
1745214449.171965,10.30.247.143,142.250.192.133,6,66,A,51022,443
1745214449.172342,10.30.247.143,142.250.192.133,6,66,A,51022,443
1745214449.1727848,10.30.247.143,142.250.192.133,6,97,PA,51022,443
1745214449.173106,142.250.192.133,10.30.247.143,6,66,A,443,51022
1745214449.173409,142.250.192.133,10.30.247.143,6,78,A,443,51022
1745214449.173776,10.30.247.143,142.250.192.133,6,1436,A,51022,443
1745214449.1742022,142.250.192.133,10.30.247.143,6,66,A,443,51022
1745214449.178841,142.250.192.133,10.30.247.143,6,66,A,443,51022
1745214449.1792011,142.250.192.133,10.30.247.143,6,66,A,443,51022
1745214449.179557,142.250.192.133,10.30.247.143,6,78,A,443,51022
1745214449.277174,10.30.247.143,8.8.8.8,17,254,0,59709,443
1745214449.277591,10.30.247.143,8.8.8.8,17,254,0,59709,443
1745214449.292256,8.8.8.8,10.30.247.143,17,70,0,443,59709
1745214449.2932549,8.8.8.8,10.30.247.143,17,572,0,443,59709
1745214449.2941608,8.8.8.8,10.30.247.143,17,65,0,443,59709
1745214449.294778,8.8.8.8,10.30.247.143,17,572,0,443,59709
1745214449.295875,8.8.8.8,10.30.247.143,17,65,0,443,59709
1745214449.296433,10.30.247.143,8.8.8.8,17,77,0,59709,443
1745214449.296889,10.30.247.143,8.8.8.8,17,77,0,59709,443
1745214449.2972732,10.30.247.143,52.123.129.14,6,78,S,51023,443
1745214449.301321,8.8.8.8,10.30.247.143,17,65,0,443,59709
1745214449.3033679,52.123.129.14,10.30.247.143,6,66,SA,443,51023
1745214449.3036811,10.30.247.143,52.123.129.14,6,54,A,51023,443
1745214449.304044,10.30.247.143,52.123.129.14,6,1436,A,51023,443
1745214449.304399,10.30.247.143,52.123.129.14,6,916,PA,51023,443
1745214449.315009,52.123.129.14,10.30.247.143,6,56,A,443,51023
1745214449.31571,52.123.129.14,10.30.247.143,6,56,A,443,51023
1745214449.31621,52.123.129.14,10.30.247.143,6,153,PA,443,51023
1745214449.316588,10.30.247.143,52.123.129.14,6,54,A,51023,443
1745214449.317023,10.30.247.143,52.123.129.14,6,1144,PA,51023,443
1745214449.322103,10.30.247.143,8.8.8.8,17,74,0,59709,443
1745214449.326951,8.8.8.8,10.30.247.143,17,65,0,443,59709
1745214449.327507,52.123.129.14,10.30.247.143,6,56,A,443,51023
1745214449.3281422,10.30.247.143,8.8.8.8,17,76,0,59709,443
1745214449.3329039,52.123.129.14,10.30.247.143,6,1436,A,443,51023
1745214449.333667,52.123.129.14,10.30.247.143,6,1436,A,443,51023
1745214449.3344362,52.123.129.14,10.30.247.143,6,1436,A,443,51023
1745214449.335233,52.123.129.14,10.30.247.143,6,575,PA,443,51023
1745214449.335875,52.123.129.14,10.30.247.143,6,1436,A,443,51023
1745214449.3363829,10.30.247.143,52.123.129.14,6,66,A,51023,443
1745214449.336832,10.30.247.143,52.123.129.14,6,54,A,51023,443
1745214449.3372748,10.30.247.143,52.123.129.14,6,54,A,51023,443
1745214449.339273,10.30.247.143,52.123.129.14,6,128,PA,51023,443
1745214449.3399239,10.30.247.143,52.123.129.14,6,146,PA,51023,443
1745214449.340464,10.30.247.143,52.123.129.14,6,1436,A,51023,443
1745214449.341017,10.30.247.143,52.123.129.14,6,1436,A,51023,443
1745214449.341546,10.30.247.143,52.123.129.14,6,392,PA,51023,443
1745214449.348237,52.123.129.14,10.30.247.143,6,56,A,443,51023
1745214449.348703,52.123.129.14,10.30.247.143,6,513,PA,443,51023
1745214449.349508,52.123.129.14,10.30.247.143,6,116,PA,443,51023
1745214449.3499389,10.30.247.143,52.123.129.14,6,54,A,51023,443
1745214449.3504121,10.30.247.143,52.123.129.14,6,85,PA,51023,443
1745214449.35086,52.123.129.14,10.30.247.143,6,56,A,443,51023
1745214449.351259,52.123.129.14,10.30.247.143,6,56,A,443,51023
1745214449.351635,52.123.129.14,10.30.247.143,6,85,PA,443,51023
1745214449.351918,10.30.247.143,52.123.129.14,6,54,A,51023,443
1745214449.360171,52.123.129.14,10.30.247.143,6,56,A,443,51023
1745214449.695793,142.250.192.133,10.30.247.143,6,1321,PA,443,51022
1745214449.6966,142.250.192.133,10.30.247.143,6,216,PA,443,51022
1745214449.697579,142.250.192.133,10.30.247.143,6,115,PA,443,51022
1745214449.698174,142.250.192.133,10.30.247.143,6,105,PA,443,51022
1745214449.698737,142.250.192.133,10.30.247.143,6,105,PA,443,51022
1745214449.69931,52.123.129.14,10.30.247.143,6,364,PA,443,51023
1745214449.699842,52.123.129.14,10.30.247.143,6,550,PA,443,51023
1745214449.700298,52.123.129.14,10.30.247.143,6,606,PA,443,51023
1745214449.7008262,52.123.129.14,10.30.247.143,6,429,PA,443,51023
1745214449.7013,52.123.129.14,10.30.247.143,6,507,PA,443,51023
1745214449.701788,52.123.129.14,10.30.247.143,6,419,PA,443,51023
1745214449.702167,52.123.129.14,10.30.247.143,6,313,PA,443,51023
1745214449.7027252,52.123.129.14,10.30.247.143,6,461,PA,443,51023
1745214449.70316,52.123.129.14,10.30.247.143,6,563,PA,443,51023
1745214449.7036831,52.123.129.14,10.30.247.143,6,95,PA,443,51023
1745214449.704046,52.123.129.14,10.30.247.143,6,85,PA,443,51023
1745214449.704443,10.30.247.143,142.250.192.133,6,66,A,51022,443
1745214449.704651,10.30.247.143,142.250.192.133,6,78,A,51022,443
1745214449.704841,10.30.247.143,52.123.129.14,6,54,A,51023,443
1745214449.705024,10.30.247.143,52.123.129.14,6,54,A,51023,443
1745214449.705267,10.30.247.143,142.250.192.133,6,105,PA,51022,443
1745214449.714669,142.250.192.133,10.30.247.143,6,66,A,443,51022
1745214449.775157,10.30.247.143,52.123.129.14,6,1436,A,51023,443
1745214449.7755818,10.30.247.143,52.123.129.14,6,843,PA,51023,443
1745214449.785286,52.123.129.14,10.30.247.143,6,56,A,443,51023
1745214449.785695,52.123.129.14,10.30.247.143,6,56,A,443,51023
1745214450.1051981,52.123.129.14,10.30.247.143,6,353,PA,443,51023
1745214450.1056159,52.123.129.14,10.30.247.143,6,1436,A,443,51023
1745214450.106008,52.123.129.14,10.30.247.143,6,648,PA,443,51023
1745214450.106385,52.123.129.14,10.30.247.143,6,85,PA,443,51023
1745214450.10669,10.30.247.143,52.123.129.14,6,54,A,51023,443
1745214450.136439,10.30.247.143,52.123.129.14,6,146,PA,51023,443
1745214450.146205,52.123.129.14,10.30.247.143,6,56,A,443,51023
1745214450.5150132,52.123.129.14,10.30.247.143,6,292,PA,443,51023
1745214450.515859,52.123.129.14,10.30.247.143,6,1436,A,443,51023
1745214450.516675,52.123.129.14,10.30.247.143,6,992,PA,443,51023
1745214450.5174809,52.123.129.14,10.30.247.143,6,85,PA,443,51023
1745214450.5180721,10.30.247.143,52.123.129.14,6,54,A,51023,443
1745214451.217067,10.30.247.143,142.250.183.106,17,71,0,57909,443
1745214451.2362509,142.250.183.106,10.30.247.143,17,67,0,443,57909
1745214453.0533068,10.30.247.143,142.250.192.133,6,66,FA,51022,443
1745214453.0538182,10.30.247.143,52.123.129.14,6,54,FA,51023,443
1745214453.06715,52.123.129.14,10.30.247.143,6,56,A,443,51023
1745214453.067883,52.123.129.14,10.30.247.143,6,56,FA,443,51023
1745214453.068552,10.30.247.143,52.123.129.14,6,54,A,51023,443
1745214453.068943,142.250.192.133,10.30.247.143,6,66,FA,443,51022
1745214453.069294,10.30.247.143,142.250.192.133,6,66,A,51022,443
1745214457.6407108,10.30.247.143,142.250.183.106,17,71,0,57909,443
1745214457.6623292,142.250.183.106,10.30.247.143,17,67,0,443,57909
1745214457.952662,10.30.247.143,35.174.127.31,6,305,PA,49396,443
1745214457.978019,10.30.247.143,52.123.164.67,6,116,PA,50309,443
1745214457.9933949,52.123.164.67,10.30.247.143,6,105,PA,443,50309
1745214457.994455,10.30.247.143,52.123.164.67,6,66,A,50309,443
1745214458.1596959,35.174.127.31,10.30.247.143,6,328,PA,443,49396
1745214458.16047,10.30.247.143,35.174.127.31,6,66,A,49396,443
1745214460.571039,10.30.247.143,13.248.151.210,6,54,A,49638,443
1745214460.64841,13.248.151.210,10.30.247.143,6,66,A,443,49638
1745214460.662865,151.101.65.91,10.30.247.143,6,105,PA,443,51019
1745214460.6635242,10.30.247.143,151.101.65.91,6,66,A,51019,443
1745214460.665086,10.30.247.143,151.101.65.91,6,101,PA,51019,443
1745214460.666118,10.30.247.143,151.101.65.91,6,101,PA,51019,443
1745214460.699935,151.101.65.91,10.30.247.143,6,66,A,443,51019
1745214460.7053409,151.101.65.91,10.30.247.143,6,66,A,443,51019
1745214460.961696,10.30.247.143,52.123.160.113,6,116,PA,50640,443
1745214460.964268,10.30.247.143,52.123.171.36,6,116,PA,50943,443
1745214460.991337,142.250.182.234,10.30.247.143,17,80,0,443,57000
1745214460.991817,142.250.182.234,10.30.247.143,17,77,0,443,57000
1745214460.992224,142.250.182.234,10.30.247.143,17,90,0,443,57000
1745214460.992643,142.250.182.234,10.30.247.143,17,153,0,443,57000
